player,total_runs_innings_1,total_wickets_innings_1,matches_played_innings_1,total_runs_innings_2,total_wickets_innings_2,matches_played_innings_2
A Athanaze,59.0,,4.0,109.0,1.0,5.0
A Dananjaya,75.0,9.0,21.0,136.0,15.0,18.0
A Flintoff,557.0,50.0,42.0,570.0,18.0,38.0
A Flower,62.0,,1.0,60.0,,2.0
A Kumble,21.0,5.0,8.0,13.0,8.0,13.0
A Maregwede,6.0,,3.0,52.0,,3.0
A Martin,2.0,2.0,3.0,,7.0,2.0
A McGrath,108.0,1.0,6.0,17.0,1.0,4.0
A Mishra,10.0,31.0,17.0,20.0,13.0,9.0
A Mithun,,1.0,2.0,27.0,2.0,4.0
A Nehra,25.0,46.0,33.0,47.0,32.0,33.0
A Nel,89.0,21.0,18.0,15.0,19.0,18.0
A Nortje,9.0,4.0,5.0,10.0,15.0,6.0
A Phillip,21.0,0.0,2.0,,0.0,1.0
A Shahzad,8.0,,2.0,,5.0,4.0
A Symonds,1382.0,23.0,72.0,859.0,31.0,59.0
A Zampa,134.0,47.0,42.0,50.0,61.0,42.0
AA Donald,,0.0,1.0,,,
AAP Atkinson,4.0,4.0,3.0,35.0,3.0,4.0
AB Agarkar,103.0,44.0,36.0,64.0,33.0,29.0
AB Barath,97.0,,4.0,82.0,,4.0
AB Dinda,16.0,9.0,5.0,3.0,3.0,5.0
AB de Villiers,2946.0,1.0,60.0,2559.0,2.0,61.0
AC Agar,97.0,5.0,14.0,149.0,4.0,12.0
AC Dawson,,1.0,1.0,23.0,1.0,2.0
AC Gilchrist,1221.0,,33.0,1355.0,,36.0
AC Voges,257.0,0.0,12.0,172.0,4.0,11.0
AD Hales,1114.0,,23.0,608.0,,15.0
AD Mascarenhas,36.0,4.0,6.0,19.0,3.0,6.0
AD Mathews,2102.0,33.0,114.0,1509.0,35.0,93.0
AD Russell,335.0,20.0,31.0,256.0,21.0,30.0
ADS Fletcher,114.0,,8.0,133.0,0.0,12.0
AF Giles,108.0,10.0,17.0,19.0,8.0,9.0
AF Milne,102.0,20.0,21.0,13.0,15.0,18.0
AG Cremer,167.0,19.0,33.0,177.0,15.0,33.0
AG Prince,102.0,,5.0,193.0,0.0,10.0
AG Wharf,3.0,3.0,3.0,,6.0,3.0
AGR Loudon,,,,,0.0,1.0
AJ Bichel,65.0,17.0,13.0,43.0,6.0,11.0
AJ Finch,2033.0,1.0,59.0,937.0,1.0,45.0
AJ Hall,120.0,30.0,23.0,107.0,13.0,18.0
AJ Hosein,40.0,14.0,17.0,69.0,8.0,12.0
AJ Ireland,2.0,9.0,7.0,1.0,4.0,6.0
AJ McKay,6.0,12.0,9.0,0.0,5.0,8.0
AJ Redmond,53.0,,3.0,83.0,,2.0
AJ Stewart,139.0,,4.0,66.0,,3.0
AJ Strauss,973.0,,26.0,950.0,0.0,29.0
AJ Turner,25.0,,3.0,13.0,1.0,2.0
AJ Tye,27.0,10.0,5.0,23.0,2.0,5.0
AK Markram,522.0,8.0,27.0,526.0,3.0,26.0
AK Perera,7.0,0.0,2.0,1.0,0.0,2.0
AL Phehlukwayo,250.0,33.0,40.0,278.0,21.0,29.0
AM Bacher,56.0,,1.0,,0.0,1.0
AM Blignaut,107.0,18.0,19.0,88.0,3.0,14.0
AM Ellis,95.0,1.0,8.0,13.0,6.0,8.0
AM Fernando,,3.0,1.0,,1.0,3.0
AM Hardie,66.0,0.0,5.0,2.0,5.0,5.0
AM Nayar,,0.0,1.0,0.0,,1.0
AM Phangiso,6.0,5.0,9.0,23.0,11.0,9.0
AM Rahane,833.0,,24.0,864.0,,26.0
AN Cook,733.0,,23.0,820.0,,27.0
AN Petersen,213.0,,7.0,91.0,,5.0
AP Devcich,90.0,0.0,5.0,19.0,2.0,6.0
AR Adams,68.0,7.0,9.0,19.0,5.0,7.0
AR Caddick,21.0,8.0,7.0,31.0,9.0,7.0
AR Nurse,113.0,9.0,20.0,206.0,10.0,20.0
AR Patel,160.0,28.0,36.0,312.0,22.0,29.0
AS Joseph,68.0,45.0,32.0,141.0,21.0,27.0
AT Carey,742.0,,28.0,361.0,,13.0
AT Rayudu,555.0,0.0,16.0,512.0,1.0,19.0
AU Rashid,326.0,56.0,57.0,207.0,63.0,56.0
Aamer Yamin,1.0,,1.0,,0.0,1.0
Abdul Razzaq,839.0,43.0,76.0,780.0,41.0,71.0
Abdullah Shafique,28.0,,2.0,139.0,,3.0
Abdur Rauf,,8.0,3.0,,,
Abdur Razzak,170.0,62.0,54.0,203.0,29.0,53.0
Abdur Rehman,83.0,7.0,16.0,26.0,14.0,14.0
Abid Ali,21.0,,1.0,139.0,,3.0
Abu Jayed,,0.0,1.0,,,
Abul Hasan,8.0,0.0,4.0,,0.0,4.0
Adnan Akmal,62.0,,4.0,,,
Afif Hossain,296.0,0.0,10.0,62.0,1.0,8.0
Aftab Ahmed,231.0,4.0,20.0,236.0,0.0,18.0
Agha Salman,89.0,0.0,7.0,125.0,2.0,7.0
Ahmed Shehzad,715.0,1.0,24.0,794.0,1.0,26.0
Aizaz Cheema,7.0,9.0,7.0,6.0,8.0,7.0
Akram Khan,13.0,,1.0,,,
Al Sahariar,8.0,,1.0,,,
Al-Amin Hossain,1.0,6.0,4.0,0.0,13.0,8.0
Alok Kapali,209.0,7.0,17.0,227.0,0.0,13.0
Anamul Haque,744.0,,19.0,139.0,,11.0
Anwar Ali,37.0,6.0,10.0,66.0,4.0,9.0
Arafat Sunny,25.0,4.0,9.0,14.0,14.0,9.0
Arshad Khan,,3.0,3.0,14.0,3.0,5.0
Arshdeep Singh,25.0,7.0,4.0,3.0,5.0,4.0
Asad Ali,,1.0,2.0,2.0,,1.0
Asad Shafiq,415.0,0.0,16.0,371.0,,18.0
Asif Ali,227.0,,7.0,130.0,0.0,7.0
Avesh Khan,10.0,4.0,5.0,13.0,5.0,5.0
Azhar Ali,765.0,2.0,21.0,418.0,0.0,21.0
Azhar Mahmood,78.0,3.0,8.0,20.0,3.0,8.0
B Evans,47.0,8.0,6.0,30.0,0.0,5.0
B Fernando,2.0,,1.0,,2.0,2.0
B Geeves,,1.0,1.0,10.0,,1.0
B Kumar,132.0,61.0,58.0,160.0,53.0,50.0
B Laughlin,1.0,1.0,2.0,,2.0,3.0
B Lee,327.0,77.0,70.0,239.0,96.0,60.0
B Mavuta,23.0,1.0,3.0,20.0,2.0,3.0
B Muzarabani,33.0,7.0,13.0,10.0,11.0,14.0
B Sai Sudharsan,72.0,,2.0,55.0,0.0,2.0
B Stanlake,2.0,1.0,5.0,1.0,6.0,5.0
BA Carse,99.0,4.0,10.0,40.0,8.0,10.0
BA King,191.0,,12.0,229.0,,6.0
BA Murphy,1.0,1.0,2.0,2.0,1.0,2.0
BA Parchment,19.0,,1.0,33.0,,2.0
BA Stokes,1109.0,23.0,58.0,947.0,20.0,56.0
BA Williams,0.0,21.0,10.0,3.0,11.0,10.0
BAW Mendis,62.0,54.0,43.0,37.0,43.0,40.0
BB Chari,26.0,,2.0,20.0,,3.0
BB McCullum,1903.0,,63.0,1348.0,,52.0
BB Sran,,4.0,3.0,,4.0,2.0
BC Fortuin,,4.0,2.0,1.0,,1.0
BC Lara,466.0,,13.0,670.0,,21.0
BCJ Cutting,53.0,3.0,3.0,,2.0,3.0
BE Hendricks,2.0,7.0,5.0,19.0,0.0,3.0
BG Lister,,1.0,2.0,6.0,,2.0
BG Rogers,34.0,1.0,2.0,55.0,0.0,3.0
BJ Dwarshuis,,1.0,1.0,,,
BJ Haddin,1047.0,,42.0,710.0,,25.0
BJ Hodge,153.0,0.0,7.0,122.0,0.0,6.0
BJ Watling,82.0,,4.0,28.0,,5.0
BKG Mendis,948.0,,35.0,682.0,0.0,30.0
BM Duckett,258.0,,6.0,98.0,,4.0
BM Tickner,8.0,0.0,4.0,6.0,3.0,4.0
BM Wheeler,,4.0,2.0,3.0,2.0,2.0
BMAJ Mendis,167.0,9.0,31.0,203.0,8.0,25.0
BOP Fernando,2.0,,1.0,32.0,,2.0
BR Dorey,2.0,1.0,3.0,,1.0,1.0
BR McDermott,159.0,,3.0,,,
BRM Taylor,1565.0,2.0,56.0,1737.0,2.0,57.0
BV Vitori,12.0,25.0,14.0,31.0,5.0,10.0
BW Hilfenhaus,7.0,4.0,7.0,17.0,21.0,17.0
Babar Azam,1682.0,,28.0,1706.0,,39.0
Bazid Khan,78.0,0.0,3.0,51.0,,2.0
Bilal Asif,,0.0,1.0,2.0,,1.0
Bilawal Bhatti,2.0,0.0,4.0,9.0,4.0,6.0
C Green,186.0,9.0,17.0,108.0,3.0,12.0
C Gunasekara,,0.0,1.0,,,
C Hemraj,33.0,,3.0,17.0,0.0,3.0
C Jonker,,,,6.0,,1.0
C Karunaratne,233.0,9.0,13.0,50.0,6.0,13.0
C Kieswetter,199.0,,7.0,174.0,,7.0
C Madande,5.0,,1.0,24.0,,1.0
C Munro,412.0,4.0,26.0,378.0,4.0,17.0
C Overton,50.0,0.0,5.0,,3.0,4.0
C White,31.0,1.0,3.0,13.0,4.0,3.0
C Zhuwao,,,,35.0,,1.0
C de Grandhomme,219.0,7.0,26.0,263.0,8.0,23.0
CA Ingram,403.0,,12.0,97.0,0.0,5.0
CA Lynn,15.0,,1.0,0.0,,1.0
CA Pujara,,,,13.0,,2.0
CAK Rajitha,27.0,7.0,10.0,53.0,6.0,12.0
CAK Walton,19.0,,2.0,10.0,,2.0
CB Mpofu,9.0,18.0,28.0,6.0,13.0,23.0
CB Wishart,26.0,,2.0,85.0,,5.0
CBRLS Kumara,13.0,8.0,12.0,19.0,11.0,11.0
CD Collymore,11.0,13.0,17.0,5.0,10.0,12.0
CD Cumming,35.0,,3.0,1.0,,1.0
CD McMillan,299.0,2.0,20.0,542.0,5.0,24.0
CE McConchie,46.0,3.0,5.0,72.0,1.0,4.0
CH Gayle,1167.0,54.0,87.0,2117.0,18.0,87.0
CH Morris,220.0,16.0,28.0,169.0,11.0,22.0
CJ Anderson,296.0,21.0,28.0,267.0,13.0,23.0
CJ Bowes,97.0,,4.0,1.0,,1.0
CJ Chibhabha,454.0,11.0,39.0,615.0,6.0,41.0
CJ Ferguson,246.0,,9.0,106.0,,5.0
CJ Jordan,85.0,25.0,21.0,28.0,10.0,16.0
CJ McKay,47.0,20.0,19.0,37.0,42.0,26.0
CJ Nevin,8.0,,3.0,75.0,,4.0
CK Coventry,348.0,,9.0,162.0,,6.0
CK Kapugedera,750.0,0.0,39.0,306.0,1.0,19.0
CK Langeveldt,16.0,34.0,26.0,36.0,19.0,24.0
CKB Kulasekara,0.0,0.0,2.0,19.0,0.0,3.0
CL Cairns,330.0,5.0,18.0,196.0,4.0,16.0
CL Hooper,40.0,,1.0,,2.0,1.0
CL White,706.0,2.0,29.0,317.0,2.0,19.0
CMW Read,79.0,,5.0,33.0,,3.0
CO Browne,16.0,,1.0,11.0,,3.0
CP Tremain,23.0,3.0,2.0,0.0,3.0,3.0
CR Brathwaite,95.0,14.0,19.0,231.0,7.0,18.0
CR Ervine,432.0,,21.0,298.0,,16.0
CR Woakes,475.0,60.0,63.0,362.0,55.0,59.0
CRD Fernando,68.0,30.0,36.0,77.0,57.0,52.0
CS Baugh,156.0,,8.0,57.0,,6.0
CS Martin,,2.0,2.0,,2.0,2.0
CT Mumba,13.0,1.0,3.0,1.0,0.0,3.0
CT Mutombodzi,12.0,,2.0,,0.0,2.0
CT Tremlett,12.0,3.0,9.0,11.0,3.0,7.0
CZ Harris,94.0,1.0,13.0,10.0,6.0,11.0
D Bishoo,60.0,12.0,21.0,77.0,12.0,21.0
D Elgar,77.0,,2.0,2.0,1.0,3.0
D Foxcroft,,,,0.0,,1.0
D Gamage,1.0,,1.0,,1.0,1.0
D Ganga,7.0,,1.0,104.0,,4.0
D Gough,27.0,18.0,11.0,47.0,10.0,9.0
D Lakshan,2.0,,1.0,,0.0,1.0
D Madushanka,0.0,10.0,6.0,13.0,6.0,5.0
D Mohammed,0.0,5.0,3.0,,1.0,1.0
D Mongia,146.0,4.0,13.0,78.0,1.0,9.0
D Myers,,,,18.0,,1.0
D Olivier,,1.0,1.0,,2.0,1.0
D Paterson,,0.0,1.0,,,
D Pretorius,31.0,15.0,11.0,65.0,4.0,8.0
D Ramdin,561.0,,24.0,959.0,,37.0
D Wiese,8.0,5.0,4.0,68.0,0.0,4.0
DA Gunawardene,139.0,,7.0,153.0,,5.0
DA Marillier,0.0,3.0,5.0,113.0,1.0,6.0
DA Miller,1574.0,,52.0,895.0,,30.0
DA Warner,2372.0,,48.0,1316.0,0.0,40.0
DAJ Bracewell,76.0,9.0,13.0,5.0,7.0,10.0
DAS Gunaratne,115.0,13.0,17.0,179.0,2.0,14.0
DBL Powell,5.0,16.0,19.0,30.0,21.0,19.0
DC Drakes,3.0,,1.0,,0.0,1.0
DC Thomas,139.0,,8.0,61.0,2.0,8.0
DD Ebrahim,193.0,,7.0,255.0,,13.0
DE Bernard,64.0,4.0,11.0,54.0,4.0,11.0
DE Bollinger,0.0,24.0,14.0,10.0,15.0,10.0
DG Brownlie,93.0,,5.0,24.0,,2.0
DJ Bravo,899.0,73.0,70.0,685.0,36.0,67.0
DJ Cullen,,2.0,1.0,,,
DJ Hooda,57.0,2.0,5.0,58.0,1.0,5.0
DJ Hussey,661.0,7.0,32.0,366.0,5.0,26.0
DJ Malan,610.0,,9.0,236.0,0.0,7.0
DJ Mitchell,451.0,5.0,12.0,617.0,2.0,16.0
DJ Willey,327.0,18.0,35.0,93.0,30.0,33.0
DJ Worrall,,,,,0.0,1.0
DJG Sammy,703.0,29.0,64.0,568.0,28.0,60.0
DJM Short,116.0,0.0,6.0,54.0,0.0,4.0
DK Butler,,1.0,3.0,16.0,1.0,3.0
DL Chahar,1.0,5.0,5.0,11.0,3.0,4.0
DL Vettori,498.0,42.0,79.0,338.0,73.0,68.0
DM Bravo,1228.0,,34.0,801.0,,30.0
DM Dupavillon,,0.0,1.0,17.0,,1.0
DM Richards,99.0,,4.0,80.0,,3.0
DM de Silva,542.0,7.0,37.0,249.0,11.0,33.0
DN Wellalage,110.0,8.0,15.0,57.0,11.0,12.0
DNT Zoysa,8.0,12.0,10.0,13.0,5.0,9.0
DP Conway,238.0,,5.0,476.0,,11.0
DP Hyatt,28.0,,5.0,50.0,,2.0
DPMD Jayawardene,2517.0,,97.0,1816.0,1.0,67.0
DR Briggs,,2.0,1.0,,,
DR Flynn,37.0,,2.0,69.0,,3.0
DR Martyn,773.0,0.0,23.0,443.0,,18.0
DR Mousley,57.0,0.0,2.0,4.0,,1.0
DR Smith,284.0,22.0,42.0,372.0,16.0,39.0
DR Tuffey,57.0,19.0,21.0,12.0,17.0,13.0
DS Kulkarni,,10.0,6.0,25.0,8.0,5.0
DS Lehmann,330.0,6.0,14.0,131.0,8.0,12.0
DS Smith,257.0,,15.0,303.0,0.0,14.0
DS Weerakkody,5.0,,1.0,58.0,,1.0
DT Christian,164.0,6.0,11.0,8.0,9.0,11.0
DT Hondo,8.0,9.0,14.0,18.0,9.0,15.0
DT Tiripano,54.0,8.0,13.0,81.0,2.0,12.0
DW Steyn,38.0,70.0,51.0,131.0,43.0,44.0
Danish Aziz,,0.0,2.0,12.0,,2.0
Danish Kaneria,0.0,2.0,6.0,2.0,4.0,5.0
Dhiman Ghosh,3.0,,2.0,29.0,,1.0
Dolar Mahmud,0.0,5.0,5.0,0.0,1.0,2.0
E Chigumbura,1237.0,25.0,85.0,1116.0,28.0,86.0
E Lewis,173.0,,6.0,351.0,,17.0
EC Joyce,149.0,,5.0,155.0,,7.0
EC Rainsford,12.0,9.0,12.0,2.0,4.0,12.0
EJG Morgan,2074.0,,65.0,1652.0,,55.0
EMDY Munaweera,4.0,,1.0,11.0,,1.0
Ebadat Hossain,0.0,6.0,3.0,0.0,5.0,4.0
Ehsan Adil,21.0,1.0,3.0,1.0,1.0,3.0
Elias Sunny,,5.0,4.0,2.0,,4.0
Enamul Haque jnr,5.0,6.0,5.0,3.0,2.0,3.0
F Behardien,271.0,1.0,19.0,222.0,6.0,23.0
F Mutizwa,22.0,,5.0,54.0,,3.0
F du Plessis,1660.0,1.0,40.0,1527.0,,41.0
FA Allen,22.0,5.0,11.0,143.0,0.0,10.0
FDM Karunaratne,283.0,0.0,14.0,163.0,0.0,13.0
FH Allen,118.0,,6.0,88.0,,5.0
FH Edwards,23.0,16.0,17.0,18.0,14.0,17.0
FL Reifer,55.0,,4.0,31.0,,2.0
FY Fazal,,,,55.0,,1.0
Faheem Ashraf,80.0,6.0,20.0,49.0,7.0,16.0
Faisal Athar,9.0,,1.0,,,
Faisal Hossain,1.0,,1.0,,,
Faisal Iqbal,30.0,,2.0,32.0,,1.0
Fakhar Zaman,1053.0,0.0,22.0,1322.0,0.0,28.0
Farhad Reza,56.0,2.0,13.0,57.0,4.0,13.0
Fawad Ahmed,4.0,,1.0,,2.0,2.0
Fawad Alam,284.0,3.0,15.0,373.0,0.0,16.0
Fazle Mahmud,0.0,,1.0,,0.0,1.0
G Coetzee,5.0,8.0,6.0,11.0,8.0,6.0
G Gambhir,1423.0,,39.0,1669.0,,41.0
G Kirsten,,,,69.0,,1.0
G Motie,71.0,9.0,12.0,46.0,11.0,10.0
G Onions,1.0,3.0,3.0,,1.0,2.0
GA Lamb,102.0,4.0,11.0,35.0,6.0,10.0
GA Manou,7.0,,1.0,,,
GB Brent,120.0,10.0,15.0,50.0,4.0,15.0
GB Hogg,314.0,35.0,39.0,72.0,59.0,38.0
GC Smith,1384.0,8.0,55.0,1614.0,1.0,44.0
GC Tonge,10.0,0.0,4.0,,6.0,4.0
GD Elliott,640.0,15.0,35.0,516.0,7.0,31.0
GD McGrath,2.0,38.0,25.0,4.0,20.0,19.0
GD Phillips,115.0,6.0,11.0,143.0,2.0,8.0
GF Linde,,2.0,1.0,18.0,,1.0
GH Bodi,32.0,0.0,2.0,51.0,,1.0
GH Worker,87.0,0.0,4.0,20.0,,1.0
GJ Bailey,1122.0,,28.0,762.0,,23.0
GJ Batty,,,,,0.0,1.0
GJ Hopkins,97.0,,7.0,52.0,,4.0
GJ Maxwell,1193.0,19.0,76.0,860.0,30.0,70.0
GJ Rennie,,2.0,2.0,37.0,,2.0
GJ Whittall,1.0,1.0,2.0,28.0,0.0,2.0
GJP Kruger,,1.0,2.0,0.0,,1.0
GM Ewing,7.0,5.0,4.0,12.0,1.0,4.0
GM Strydom,56.0,,2.0,6.0,,2.0
GO Jones,223.0,,8.0,118.0,,7.0
GP Swann,132.0,28.0,30.0,155.0,23.0,29.0
GS Ballance,42.0,,5.0,57.0,,3.0
GS Sandhu,,2.0,1.0,,,
GSNFG Jayasuriya,18.0,0.0,4.0,127.0,0.0,4.0
GW Aldridge,,1.0,1.0,,0.0,1.0
GW Flower,75.0,10.0,14.0,399.0,0.0,13.0
Gurkeerat Singh,8.0,1.0,3.0,5.0,0.0,2.0
H Davids,,,,7.0,,1.0
H Klaasen,411.0,,12.0,535.0,,15.0
H Masakadza,1464.0,9.0,73.0,1435.0,5.0,67.0
HAPW Jayawardene,4.0,,2.0,,,
HB Shipley,11.0,3.0,6.0,7.0,10.0,6.0
HC Brook,365.0,,10.0,64.0,,3.0
HD Rutherford,2.0,,1.0,1.0,,1.0
HDPK Dharmasena,81.0,2.0,6.0,11.0,2.0,6.0
HDRL Thirimanne,1072.0,2.0,35.0,1264.0,1.0,35.0
HE van der Dussen,858.0,1.0,16.0,522.0,,17.0
HF Gurney,4.0,8.0,8.0,11.0,1.0,6.0
HH Dippenaar,187.0,,5.0,472.0,,12.0
HH Gibbs,767.0,,24.0,939.0,,30.0
HH Pandya,392.0,39.0,55.0,687.0,19.0,40.0
HH Streak,167.0,21.0,17.0,278.0,0.0,17.0
HJH Marshall,297.0,,17.0,185.0,,8.0
HK Badani,102.0,1.0,4.0,33.0,1.0,3.0
HK Bennett,,7.0,6.0,3.0,11.0,7.0
HM Amla,2814.0,,53.0,1988.0,,51.0
HM Nicholls,665.0,,21.0,417.0,,17.0
HMCM Bandara,53.0,4.0,9.0,12.0,16.0,13.0
HMRKB Herath,47.0,24.0,26.0,39.0,17.0,25.0
HP Rinke,4.0,0.0,5.0,13.0,2.0,4.0
HP Tillakaratne,102.0,,5.0,30.0,,2.0
HR Walsh,23.0,1.0,5.0,2.0,2.0,5.0
HWR Cartwright,,,,1.0,,1.0
Habibul Bashar,196.0,,14.0,177.0,,12.0
Haider Ali,,,,29.0,,1.0
Hammad Azam,4.0,1.0,3.0,40.0,0.0,3.0
Hannan Sarkar,94.0,,5.0,87.0,,3.0
Harbhajan Singh,234.0,55.0,72.0,319.0,66.0,70.0
Haris Rauf,0.0,30.0,16.0,10.0,6.0,9.0
Haris Sohail,751.0,2.0,22.0,308.0,4.0,16.0
Hasan Ali,151.0,48.0,34.0,130.0,23.0,30.0
Hasan Mahmud,1.0,5.0,5.0,10.0,4.0,7.0
Hasibul Hossain,6.0,0.0,2.0,1.0,0.0,2.0
Hussain Talat,2.0,,1.0,,0.0,1.0
I Kaia,37.0,0.0,4.0,23.0,0.0,4.0
I Sharma,11.0,60.0,34.0,33.0,20.0,29.0
I Udana,54.0,6.0,13.0,22.0,7.0,11.0
ID Blackwell,7.0,3.0,10.0,36.0,3.0,7.0
IDR Bradshaw,34.0,27.0,24.0,113.0,14.0,17.0
IE O'Brien,,8.0,3.0,,,
IG Butler,6.0,11.0,7.0,28.0,0.0,4.0
IJ Harvey,90.0,8.0,12.0,32.0,13.0,10.0
IJL Trott,841.0,0.0,15.0,615.0,2.0,19.0
IK Pathan,427.0,62.0,60.0,348.0,60.0,52.0
IR Bell,1526.0,,39.0,1196.0,3.0,46.0
IS Sodhi,109.0,15.0,21.0,17.0,29.0,21.0
Iftikhar Ahmed,96.0,8.0,11.0,165.0,0.0,11.0
Iftikhar Anjum,44.0,29.0,30.0,61.0,17.0,23.0
Ihsanullah,,0.0,1.0,,,
Imad Wasim,491.0,16.0,36.0,144.0,13.0,27.0
Imam-ul-Haq,886.0,,18.0,1052.0,,23.0
Imran Farhat,295.0,,12.0,494.0,1.0,18.0
Imran Nazir,194.0,,11.0,105.0,,6.0
Imran Tahir,15.0,55.0,42.0,101.0,54.0,43.0
Imrul Kayes,599.0,,24.0,364.0,,18.0
Inzamam-ul-Haq,745.0,,20.0,571.0,,18.0
Ishan Kishan,370.0,,4.0,176.0,,8.0
J Blackwood,,,,12.0,,1.0
J Botha,177.0,30.0,42.0,152.0,17.0,36.0
J Charles,372.0,,13.0,353.0,,10.0
J Fraser-McGurk,23.0,,2.0,41.0,,1.0
J Gumbie,26.0,,1.0,,,
J Lewis,8.0,8.0,8.0,7.0,6.0,4.0
J Liyanage,121.0,0.0,4.0,33.0,,2.0
J Mubarak,273.0,,15.0,101.0,1.0,9.0
J Nyumbu,3.0,9.0,9.0,26.0,0.0,7.0
J Overton,32.0,,1.0,,1.0,1.0
J Srinath,11.0,6.0,8.0,5.0,12.0,9.0
J Theron,5.0,5.0,2.0,,4.0,2.0
J Yadav,1.0,,1.0,,1.0,1.0
JA Burns,24.0,,2.0,9.0,,2.0
JA Morkel,253.0,16.0,31.0,243.0,12.0,24.0
JA Richardson,52.0,8.0,8.0,16.0,15.0,10.0
JA Rudolph,313.0,,8.0,238.0,,6.0
JA Simpson,17.0,,1.0,,,
JA Turner,,2.0,1.0,,,
JAH Marshall,9.0,,2.0,18.0,,2.0
JC Archer,43.0,10.0,10.0,5.0,10.0,10.0
JC Buttler,2274.0,,61.0,1240.0,,42.0
JC Tredwell,28.0,26.0,24.0,63.0,18.0,23.0
JD Campbell,53.0,,2.0,15.0,0.0,2.0
JD Ryder,336.0,5.0,15.0,272.0,0.0,11.0
JD Unadkat,,3.0,3.0,,6.0,2.0
JDF Vandersay,23.0,15.0,14.0,51.0,16.0,12.0
JDP Oram,642.0,53.0,54.0,211.0,28.0,42.0
JDS Neesham,593.0,22.0,43.0,383.0,24.0,39.0
JE Root,2566.0,4.0,81.0,1683.0,9.0,69.0
JE Taylor,50.0,48.0,34.0,96.0,19.0,28.0
JEC Franklin,339.0,12.0,39.0,172.0,22.0,35.0
JG Bethell,47.0,2.0,5.0,80.0,1.0,4.0
JH Kallis,1506.0,30.0,70.0,1259.0,24.0,64.0
JJ Bumrah,16.0,82.0,46.0,23.0,32.0,31.0
JJ Krejza,7.0,0.0,2.0,,3.0,2.0
JJ Roy,1494.0,,40.0,897.0,,25.0
JJ van der Wath,9.0,11.0,9.0,72.0,5.0,7.0
JJC Lawson,3.0,2.0,3.0,8.0,2.0,2.0
JL Carter,107.0,0.0,8.0,195.0,0.0,8.0
JL Denly,160.0,0.0,7.0,100.0,0.0,5.0
JL Ontong,,1.0,1.0,40.0,,2.0
JL Pattinson,8.0,7.0,5.0,14.0,1.0,6.0
JL Smith,62.0,,2.0,49.0,,1.0
JM Anderson,65.0,93.0,71.0,96.0,61.0,65.0
JM Bairstow,1300.0,,29.0,927.0,,24.0
JM Cox,1.0,,1.0,4.0,,1.0
JM How,268.0,,10.0,284.0,,11.0
JM Kemp,451.0,3.0,18.0,211.0,0.0,21.0
JM Mennie,,3.0,1.0,0.0,,1.0
JM Vince,115.0,,5.0,160.0,,7.0
JN Gillespie,95.0,23.0,20.0,6.0,19.0,16.0
JN Hamilton,,,,5.0,,1.0
JN Malan,124.0,,5.0,338.0,,6.0
JN Mohammed,79.0,6.0,9.0,202.0,0.0,13.0
JN Rhodes,,,,2.0,,1.0
JNT Seales,21.0,0.0,5.0,1.0,3.0,7.0
JO Holder,429.0,41.0,57.0,651.0,30.0,61.0
JO Troughton,11.0,,2.0,20.0,,2.0
JP Behrendorff,2.0,,3.0,,10.0,5.0
JP Duminy,1568.0,11.0,94.0,1357.0,25.0,88.0
JP Faulkner,310.0,39.0,39.0,483.0,25.0,34.0
JP Greaves,,,,8.0,,1.0
JP Inglis,154.0,,7.0,107.0,,6.0
JP Maher,19.0,,1.0,30.0,,1.0
JR Hazlewood,41.0,30.0,31.0,6.0,44.0,30.0
JR Hopes,555.0,15.0,44.0,333.0,31.0,40.0
JR Philippe,16.0,,1.0,,,
JS Paris,,0.0,1.0,,,
JS Patel,28.0,16.0,20.0,47.0,19.0,19.0
JT Ball,7.0,3.0,7.0,29.0,16.0,9.0
JT Smuts,,2.0,2.0,65.0,,3.0
JW Dernbach,6.0,10.0,8.0,4.0,6.0,8.0
JW Hastings,56.0,21.0,14.0,86.0,10.0,14.0
JW Wilson,1.0,,1.0,,1.0,1.0
JWA Taylor,315.0,,10.0,416.0,,10.0
JWM Dalrymple,230.0,4.0,17.0,94.0,3.0,14.0
Jahurul Islam,0.0,,1.0,60.0,,3.0
Jai Prakash Yadav,3.0,4.0,5.0,9.0,0.0,4.0
Javed Omar,97.0,,4.0,162.0,,8.0
Joginder Sharma,,,,,0.0,1.0
Jubair Hossain,,2.0,1.0,,2.0,1.0
Junaid Khan,5.0,39.0,28.0,23.0,26.0,31.0
Junaid Siddique,86.0,,5.0,406.0,,16.0
Junaid Zia,,0.0,1.0,,,
K Pierre,,0.0,1.0,21.0,0.0,2.0
K Rabada,92.0,59.0,43.0,96.0,30.0,38.0
K Sinclair,,1.0,1.0,,0.0,1.0
K Verreynne,57.0,,2.0,144.0,,4.0
K Weeraratne,23.0,,1.0,,0.0,1.0
K Zondo,79.0,,2.0,42.0,,2.0
KA Edwards,200.0,,7.0,67.0,,3.0
KA Hope,35.0,,1.0,23.0,,2.0
KA Jamieson,45.0,2.0,5.0,15.0,5.0,4.0
KA Maharaj,37.0,17.0,18.0,78.0,13.0,15.0
KA Pollard,946.0,29.0,56.0,818.0,8.0,48.0
KADM Fernando,,2.0,1.0,,,
KAJ Roach,127.0,37.0,40.0,49.0,33.0,42.0
KC Brathwaite,14.0,0.0,4.0,90.0,,4.0
KC Sangakkara,4348.0,,101.0,2954.0,,70.0
KD Karthik,463.0,,21.0,529.0,,27.0
KD Mills,208.0,61.0,63.0,356.0,65.0,53.0
KDK Vithanage,,,,9.0,,1.0
KH Pandya,37.0,1.0,3.0,,0.0,2.0
KHRK Fernando,3.0,,1.0,,1.0,1.0
KIC Asalanka,500.0,4.0,20.0,433.0,5.0,18.0
KJ Abbott,40.0,13.0,12.0,4.0,11.0,11.0
KJ Harding,,1.0,1.0,1.0,,1.0
KK Ahmed,5.0,4.0,5.0,3.0,3.0,3.0
KK Nair,,,,46.0,,2.0
KL Rahul,1015.0,,20.0,736.0,,25.0
KM Dabengwa,204.0,4.0,16.0,63.0,4.0,17.0
KM Jadhav,376.0,16.0,38.0,619.0,4.0,25.0
KM Jarvis,39.0,17.0,18.0,58.0,13.0,17.0
KMA Paul,80.0,6.0,11.0,105.0,8.0,10.0
KMDN Kulasekara,476.0,51.0,92.0,383.0,55.0,84.0
KNA Bandara,123.0,,3.0,3.0,0.0,2.0
KNM Fernando,,,,38.0,,1.0
KO Meth,20.0,4.0,6.0,26.0,3.0,5.0
KOA Powell,373.0,,13.0,295.0,,15.0
KOK Williams,2.0,0.0,2.0,1.0,1.0,2.0
KP Pietersen,991.0,2.0,28.0,1268.0,1.0,38.0
KP Walmsley,,,,,1.0,1.0
KR Mayers,226.0,2.0,12.0,152.0,4.0,11.0
KR Sen,2.0,,1.0,,2.0,1.0
KS Lokuarachchi,55.0,4.0,9.0,26.0,6.0,8.0
KS Williamson,2302.0,11.0,70.0,1787.0,15.0,67.0
KTGD Prasad,50.0,16.0,11.0,48.0,6.0,9.0
KU Carty,124.0,,6.0,201.0,0.0,6.0
KV Sharma,,0.0,1.0,,0.0,1.0
KW Richardson,18.0,9.0,10.0,43.0,21.0,14.0
KY Ottley,8.0,,1.0,9.0,,2.0
Kabir Ali,25.0,6.0,3.0,20.0,1.0,4.0
Kamran Akmal,793.0,,37.0,1024.0,,44.0
Kamran Hussain,28.0,2.0,2.0,,2.0,1.0
Khaled Ahmed,0.0,3.0,2.0,1.0,0.0,2.0
Khaled Mahmud,91.0,7.0,15.0,48.0,8.0,14.0
Khaled Mashud,229.0,,12.0,72.0,,7.0
Khalid Latif,64.0,,1.0,83.0,,3.0
Khurram Manzoor,0.0,,1.0,137.0,,4.0
Khushdil Shah,,3.0,2.0,87.0,,3.0
Kuldeep Yadav,49.0,63.0,48.0,76.0,47.0,35.0
L Balaji,61.0,4.0,11.0,23.0,16.0,12.0
L Gregory,40.0,,1.0,,3.0,1.0
L Klusener,68.0,1.0,5.0,57.0,4.0,6.0
L Ngidi,6.0,32.0,23.0,47.0,25.0,23.0
L Ronchi,501.0,,25.0,267.0,,14.0
L Sipamla,,1.0,2.0,4.0,,1.0
L Vincent,414.0,0.0,19.0,237.0,1.0,14.0
L Wood,10.0,,1.0,,0.0,1.0
LA Dawson,21.0,0.0,3.0,20.0,3.0,3.0
LB Williams,,2.0,2.0,2.0,,1.0
LD Chandimal,1129.0,,45.0,978.0,,37.0
LD Madushanka,0.0,1.0,2.0,6.0,1.0,2.0
LE Bosman,120.0,,4.0,72.0,,4.0
LE Plunkett,161.0,29.0,37.0,121.0,46.0,36.0
LH Ferguson,34.0,20.0,25.0,14.0,31.0,23.0
LHD Dilhara,14.0,,2.0,29.0,3.0,3.0
LJ Hamilton,2.0,,1.0,,0.0,1.0
LJ Woodcock,3.0,,1.0,,3.0,3.0
LJ Wright,276.0,7.0,22.0,129.0,2.0,19.0
LL Tsotsobe,26.0,25.0,18.0,16.0,40.0,26.0
LM Jongwe,24.0,11.0,13.0,104.0,2.0,12.0
LMP Simmons,682.0,0.0,25.0,372.0,1.0,20.0
LN Roche,0.0,2.0,3.0,4.0,0.0,2.0
LPC Silva,863.0,,28.0,115.0,1.0,8.0
LR Johnson,,,,1.0,,1.0
LR Morris,,2.0,1.0,,,
LRPL Taylor,2853.0,0.0,63.0,2342.0,,61.0
LS Baker,,1.0,1.0,0.0,,1.0
LS Livingstone,353.0,8.0,18.0,208.0,5.0,16.0
Liton Das,481.0,,20.0,532.0,,17.0
M Bhanuka,27.0,,1.0,,,
M Dillon,,7.0,7.0,8.0,4.0,5.0
M Jansen,166.0,12.0,11.0,149.0,10.0,12.0
M Kaif,529.0,,21.0,299.0,,20.0
M Kartik,41.0,12.0,13.0,60.0,13.0,13.0
M Labuschagne,635.0,3.0,22.0,401.0,0.0,15.0
M Morkel,80.0,47.0,43.0,99.0,58.0,46.0
M Muralitharan,181.0,46.0,61.0,46.0,88.0,65.0
M Ntini,4.0,42.0,30.0,45.0,34.0,30.0
M Pathirana,0.0,5.0,4.0,5.0,3.0,4.0
M Prasidh Krishna,0.0,9.0,9.0,0.0,6.0,7.0
M Pushpakumara,,0.0,1.0,,,
M Shezi,,1.0,1.0,,,
M Shumba,,,,9.0,,1.0
M Theekshana,54.0,7.0,16.0,18.0,16.0,12.0
M Vijay,147.0,,6.0,63.0,1.0,6.0
M Zondeki,,1.0,2.0,,,
M de Lange,,7.0,2.0,,1.0,1.0
M van Jaarsveld,11.0,1.0,3.0,5.0,,1.0
MA Agarwal,1.0,,1.0,25.0,,2.0
MA Aponso,6.0,,5.0,,9.0,5.0
MA Carberry,,,,103.0,,4.0
MA Starc,219.0,65.0,55.0,55.0,87.0,56.0
MA Vermeulen,134.0,,11.0,142.0,,10.0
MA Wood,47.0,25.0,27.0,69.0,18.0,25.0
MADI Hemantha,13.0,0.0,2.0,0.0,,1.0
MB Loye,74.0,,3.0,23.0,,3.0
MC Henriques,10.0,2.0,5.0,14.0,1.0,4.0
MD Bates,13.0,,1.0,,3.0,2.0
MD Gunathilaka,401.0,2.0,20.0,454.0,1.0,18.0
MD Shanaka,173.0,2.0,21.0,287.0,5.0,14.0
MDJ Walker,,,,,0.0,1.0
MDK Perera,93.0,,7.0,,8.0,7.0
MDKJ Perera,1011.0,,31.0,967.0,,32.0
ME Trescothick,384.0,0.0,17.0,591.0,,13.0
MEK Hussey,1869.0,1.0,55.0,760.0,0.0,30.0
MF Maharoof,397.0,33.0,54.0,130.0,36.0,45.0
MG Bevan,156.0,,9.0,234.0,,5.0
MG Bracewell,104.0,0.0,6.0,26.0,3.0,6.0
MG Johnson,458.0,73.0,73.0,86.0,70.0,56.0
MG Neser,8.0,0.0,3.0,0.0,2.0,3.0
MH Yardy,55.0,5.0,12.0,67.0,3.0,11.0
MHW Papps,,,,32.0,,2.0
MJ Clarke,2423.0,19.0,97.0,1893.0,18.0,81.0
MJ Cosgrove,,0.0,1.0,74.0,,1.0
MJ Guptill,2022.0,0.0,57.0,1931.0,2.0,57.0
MJ Henry,75.0,51.0,34.0,81.0,34.0,31.0
MJ Hoggard,0.0,0.0,2.0,,0.0,1.0
MJ Lumb,20.0,,1.0,106.0,,1.0
MJ Mason,19.0,5.0,9.0,1.0,9.0,9.0
MJ McClenaghan,,27.0,14.0,51.0,18.0,15.0
MJ North,5.0,0.0,2.0,1.0,,1.0
MJ Potts,11.0,2.0,3.0,10.0,5.0,4.0
MJ Prior,351.0,,11.0,307.0,,15.0
MJ Santner,455.0,28.0,55.0,279.0,25.0,42.0
MJ Swepson,,,,,2.0,2.0
MK Pandey,170.0,,7.0,298.0,,11.0
MK Tiwary,227.0,4.0,8.0,23.0,1.0,6.0
MKDI Amerasinghe,5.0,,2.0,,7.0,4.0
MKGCP Lakshitha,,2.0,1.0,4.0,0.0,2.0
ML Cummins,,3.0,2.0,1.0,,1.0
ML Hayden,1719.0,,33.0,1237.0,,31.0
ML Lewis,,3.0,1.0,,0.0,1.0
ML Nkala,48.0,4.0,7.0,22.0,1.0,8.0
ML Udawatte,0.0,,1.0,45.0,,2.0
MM Ali,788.0,37.0,81.0,653.0,43.0,73.0
MM Patel,33.0,19.0,22.0,14.0,21.0,23.0
MM Sharma,7.0,10.0,8.0,0.0,11.0,8.0
MN Samuels,1087.0,20.0,67.0,1006.0,16.0,56.0
MN Waller,338.0,3.0,28.0,340.0,3.0,25.0
MN van Wyk,24.0,,4.0,5.0,,2.0
MNK Fernando,52.0,,2.0,4.0,,1.0
MP Kuhnemann,,5.0,2.0,15.0,1.0,2.0
MP Stoinis,421.0,13.0,38.0,523.0,19.0,36.0
MP Vaughan,290.0,5.0,20.0,524.0,2.0,19.0
MR Gillespie,18.0,20.0,14.0,62.0,6.0,16.0
MR Marsh,886.0,18.0,47.0,784.0,19.0,46.0
MS Atapattu,1135.0,,27.0,233.0,,15.0
MS Chapman,60.0,,5.0,69.0,,4.0
MS Dhoni,3498.0,1.0,89.0,2771.0,,83.0
MS Gony,,2.0,1.0,,,
MS Kasprowicz,2.0,11.0,9.0,,15.0,5.0
MS Panesar,1.0,13.0,12.0,22.0,8.0,10.0
MS Sinclair,247.0,,7.0,64.0,,5.0
MS Tshabalala,2.0,0.0,2.0,,1.0,1.0
MS Wade,713.0,,32.0,414.0,,19.0
MT Chinouya,0.0,,1.0,,0.0,1.0
MV Boucher,737.0,,27.0,707.0,,31.0
MVT Fernando,12.0,2.0,5.0,7.0,2.0,5.0
MW Forde,23.0,4.0,4.0,7.0,3.0,3.0
MW Parkinson,7.0,,1.0,,2.0,2.0
MW Short,89.0,1.0,4.0,,0.0,1.0
Mahbubul Alam,,8.0,5.0,81.0,,2.0
Mahedi Hasan,50.0,7.0,7.0,34.0,3.0,7.0
Mahmudullah,1924.0,31.0,102.0,1245.0,27.0,89.0
Manjural Islam,,,,,0.0,1.0
Manjural Islam Rana,116.0,4.0,7.0,51.0,3.0,8.0
Mansoor Amjad,,1.0,1.0,5.0,,1.0
Mashrafe Mortaza,464.0,67.0,81.0,267.0,47.0,68.0
Mehedi Hasan Miraz,488.0,22.0,39.0,130.0,39.0,37.0
Mehrab Hossain jnr,3.0,1.0,5.0,94.0,0.0,5.0
Misbah-ul-Haq,1368.0,,37.0,1610.0,0.0,49.0
Mohammad Abbas,,,,,1.0,2.0
Mohammad Amir,65.0,35.0,28.0,239.0,24.0,33.0
Mohammad Ashraful,578.0,3.0,33.0,494.0,2.0,39.0
Mohammad Asif,22.0,9.0,16.0,4.0,14.0,16.0
Mohammad Hafeez,1942.0,58.0,118.0,2187.0,41.0,117.0
Mohammad Haris,17.0,,1.0,,,
Mohammad Hasnain,,7.0,5.0,40.0,2.0,4.0
Mohammad Irfan,1.0,35.0,25.0,30.0,11.0,25.0
Mohammad Mithun,186.0,,9.0,59.0,,3.0
Mohammad Naim,16.0,,1.0,22.0,,2.0
Mohammad Nawaz,35.0,6.0,7.0,19.0,0.0,5.0
Mohammad Nawaz (3),36.0,1.0,7.0,44.0,8.0,9.0
Mohammad Rafique,142.0,20.0,26.0,56.0,8.0,21.0
Mohammad Rizwan,438.0,,17.0,678.0,,24.0
Mohammad Saifuddin,111.0,4.0,9.0,51.0,12.0,8.0
Mohammad Salman,19.0,,1.0,3.0,,1.0
Mohammad Sami,51.0,18.0,23.0,118.0,25.0,26.0
Mohammad Talha,,3.0,2.0,0.0,1.0,2.0
Mohammad Wasim,7.0,7.0,7.0,16.0,7.0,6.0
Mohammad Yousuf,828.0,,24.0,997.0,,28.0
Mohammed Shami,56.0,63.0,45.0,83.0,40.0,30.0
Mohammed Siraj,18.0,24.0,21.0,8.0,12.0,13.0
Moin Khan,85.0,,7.0,151.0,,5.0
Mominul Haque,278.0,2.0,12.0,64.0,4.0,10.0
Moniruzzaman,0.0,,1.0,,,
Mosaddek Hossain,173.0,7.0,21.0,140.0,5.0,19.0
Mosharraf Hossain,3.0,0.0,2.0,7.0,1.0,2.0
Muhammad Musa,,2.0,1.0,,,
Mukesh Kumar,4.0,1.0,3.0,,4.0,3.0
Mushfiqur Rahim,2652.0,,69.0,1562.0,,59.0
Mushfiqur Rahman,47.0,1.0,7.0,39.0,1.0,7.0
Mustafizur Rahman,42.0,35.0,36.0,55.0,41.0,41.0
N Boje,83.0,3.0,7.0,26.0,7.0,8.0
N Burger,7.0,5.0,3.0,1.0,0.0,2.0
N Deonarine,179.0,2.0,13.0,275.0,2.0,17.0
N Dickwella,397.0,,16.0,490.0,,19.0
N Hussain,28.0,,4.0,56.0,,3.0
N M'shangwe,16.0,1.0,3.0,21.0,0.0,3.0
N Madziva,10.0,10.0,7.0,35.0,0.0,6.0
N Ncube,,3.0,1.0,,,
N Pooran,480.0,0.0,13.0,554.0,2.0,18.0
N Pradeep,3.0,36.0,25.0,16.0,12.0,19.0
NA Saini,8.0,5.0,5.0,74.0,2.0,4.0
NB Mahwire,8.0,2.0,5.0,22.0,3.0,7.0
ND McKenzie,10.0,,1.0,101.0,,4.0
NE Bonner,,,,31.0,,1.0
NGRP Jayasuriya,11.0,0.0,2.0,0.0,0.0,2.0
NJ Astle,780.0,3.0,25.0,292.0,2.0,16.0
NL McCullum,395.0,11.0,36.0,186.0,20.0,36.0
NLTC Perera,697.0,69.0,94.0,761.0,52.0,82.0
NM Coulter-Nile,176.0,12.0,17.0,35.0,18.0,16.0
NM Hauritz,96.0,10.0,26.0,42.0,27.0,21.0
NM Lyon,30.0,7.0,12.0,10.0,12.0,17.0
NO Miller,112.0,16.0,20.0,106.0,5.0,17.0
NT Broom,310.0,,11.0,183.0,,7.0
NT Ellis,18.0,3.0,5.0,9.0,4.0,4.0
NT Pascal,,0.0,1.0,0.0,,1.0
NV Knight,138.0,,4.0,48.0,,3.0
NW Bracken,40.0,49.0,39.0,58.0,49.0,41.0
Naeem Islam,219.0,13.0,30.0,359.0,5.0,28.0
Nafees Iqbal,23.0,,2.0,10.0,,1.0
Naseem Shah,,13.0,6.0,0.0,3.0,2.0
Nasir Hossain,404.0,6.0,34.0,371.0,9.0,29.0
Nasir Jamshed,396.0,,10.0,525.0,,16.0
Nasum Ahmed,90.0,6.0,10.0,36.0,1.0,7.0
Naumanullah,5.0,,1.0,,,
Naved Latif,3.0,,1.0,,,
Naved-ul-Hasan,138.0,44.0,40.0,139.0,18.0,32.0
Nazimuddin,29.0,,3.0,31.0,,2.0
Nazmul Hossain,7.0,10.0,11.0,4.0,2.0,7.0
Nazmul Hossain Shanto,413.0,,13.0,149.0,0.0,11.0
Nazmul Islam,7.0,,1.0,,4.0,2.0
Nurul Hasan,44.0,,1.0,76.0,,3.0
O Thomas,6.0,15.0,12.0,8.0,6.0,12.0
OA Shah,625.0,2.0,16.0,387.0,1.0,20.0
OAC Banks,33.0,,1.0,,2.0,1.0
OC McCoy,0.0,,1.0,,2.0,1.0
OF Smith,18.0,2.0,3.0,24.0,1.0,3.0
OP Stone,0.0,1.0,3.0,1.0,2.0,3.0
P Jayawickrama,6.0,,2.0,,1.0,2.0
P Kumar,55.0,39.0,33.0,124.0,24.0,28.0
P Mustard,59.0,,2.0,47.0,,3.0
P Nissanka,364.0,,16.0,379.0,,10.0
P Utseya,317.0,46.0,74.0,435.0,24.0,68.0
PA Browne,,,,15.0,,1.0
PA Hitchcock,21.0,4.0,4.0,,1.0,3.0
PA Jaques,97.0,,2.0,,,
PA Nixon,67.0,,6.0,181.0,,7.0
PA Patel,48.0,,5.0,158.0,,8.0
PA de Silva,120.0,1.0,7.0,107.0,6.0,7.0
PADLR Sandakan,30.0,13.0,16.0,18.0,9.0,16.0
PBB Rajapaksa,24.0,,1.0,,,
PC de Silva,,2.0,3.0,59.0,,3.0
PD Collingwood,951.0,24.0,72.0,948.0,23.0,66.0
PD McGlashan,,,,7.0,,1.0
PD Salt,239.0,,7.0,127.0,,5.0
PDRL Perera,5.0,1.0,3.0,,3.0,5.0
PG Fulton,297.0,,14.0,438.0,,14.0
PHKD Mendis,99.0,1.0,8.0,85.0,0.0,5.0
PHT Kaushal,0.0,,1.0,,0.0,1.0
PJ Cummins,157.0,33.0,41.0,123.0,35.0,38.0
PJ Forrest,255.0,,6.0,26.0,,2.0
PJ Hughes,412.0,,10.0,98.0,,4.0
PJ Ingram,17.0,,2.0,28.0,,1.0
PJ Moor,165.0,,10.0,120.0,,7.0
PL Harris,,1.0,1.0,,,
PLS Gamage,1.0,6.0,4.0,3.0,3.0,6.0
PM Liyanagamage,19.0,1.0,4.0,0.0,1.0,4.0
PM Pushpakumara,8.0,0.0,2.0,3.0,1.0,2.0
PM Siddle,19.0,6.0,9.0,3.0,9.0,10.0
PP Chawla,20.0,2.0,10.0,2.0,8.0,7.0
PP Ojha,30.0,10.0,11.0,6.0,7.0,8.0
PP Shaw,40.0,,1.0,67.0,,2.0
PR Adams,,1.0,1.0,,,
PS Masvaure,,0.0,1.0,39.0,,1.0
PSP Handscomb,271.0,,10.0,167.0,,4.0
PT Collins,,6.0,2.0,1.0,1.0,4.0
PVD Chameera,121.0,9.0,23.0,20.0,16.0,20.0
PW Gunaratne,,0.0,1.0,15.0,2.0,2.0
PWA Mulder,19.0,5.0,10.0,50.0,2.0,8.0
PWH de Silva,313.0,16.0,27.0,206.0,14.0,24.0
Q de Kock,1345.0,,41.0,1625.0,,40.0
R Ashwin,200.0,43.0,55.0,155.0,48.0,43.0
R Clarke,36.0,3.0,8.0,4.0,1.0,6.0
R Dhawan,3.0,1.0,3.0,9.0,0.0,2.0
R Dravid,1400.0,,38.0,1114.0,,33.0
R McLaren,161.0,16.0,28.0,109.0,31.0,27.0
R Murray,16.0,,1.0,84.0,,3.0
R Mutumbami,21.0,,4.0,110.0,,7.0
R Ngarava,49.0,8.0,11.0,37.0,8.0,11.0
R Parag,,3.0,1.0,15.0,,1.0
R Powell,226.0,1.0,17.0,160.0,0.0,11.0
R Rampaul,193.0,41.0,36.0,47.0,32.0,30.0
R Ravindra,96.0,9.0,12.0,326.0,4.0,10.0
R Sharma,,,,,4.0,2.0
R Shepherd,101.0,9.0,16.0,101.0,5.0,11.0
R Telemachus,,2.0,1.0,12.0,2.0,2.0
R Vinay Kumar,27.0,17.0,12.0,14.0,10.0,11.0
RA Jadeja,797.0,80.0,102.0,754.0,61.0,82.0
RA Jones,33.0,,2.0,,,
RA Reifer,7.0,2.0,2.0,27.0,0.0,2.0
RAP Nissanka,18.0,1.0,4.0,6.0,3.0,5.0
RAS Lakmal,87.0,30.0,40.0,48.0,22.0,35.0
RC Irani,23.0,3.0,5.0,9.0,2.0,5.0
RD Gaikwad,12.0,,2.0,24.0,,2.0
RD Jacobs,3.0,,1.0,29.0,,4.0
RD Rickelton,,,,17.0,,2.0
RE van der Merwe,6.0,4.0,6.0,22.0,6.0,6.0
RG Sharma,3136.0,3.0,77.0,4255.0,2.0,108.0
RJ Harris,14.0,3.0,5.0,,17.0,9.0
RJ Nicol,274.0,1.0,9.0,44.0,9.0,8.0
RJ Peterson,230.0,13.0,29.0,120.0,24.0,26.0
RJ Sidebottom,35.0,11.0,12.0,42.0,7.0,12.0
RJW Topley,18.0,12.0,13.0,1.0,28.0,18.0
RK Kleinveldt,61.0,2.0,4.0,4.0,8.0,6.0
RK Singh,55.0,,2.0,,1.0,1.0
RL Chase,170.0,3.0,15.0,137.0,2.0,14.0
RL Johnson,16.0,4.0,4.0,,3.0,3.0
RL Powell,75.0,2.0,10.0,139.0,0.0,11.0
RM Patidar,22.0,,1.0,,,
RMS Eranga,8.0,3.0,5.0,12.0,8.0,7.0
RN Lewis,41.0,3.0,6.0,50.0,5.0,7.0
RO Hinds,,0.0,2.0,,,
RO Hurley,,2.0,2.0,2.0,,1.0
RP Arnold,550.0,0.0,30.0,174.0,4.0,18.0
RP Burl,134.0,1.0,9.0,29.0,3.0,9.0
RP Meredith,,,,,0.0,1.0
RP Singh,51.0,27.0,22.0,6.0,13.0,16.0
RR Beaton,,1.0,1.0,12.0,,1.0
RR Emrit,,0.0,2.0,13.0,,2.0
RR Hendricks,271.0,,7.0,284.0,1.0,12.0
RR Pant,360.0,,7.0,262.0,,10.0
RR Powar,43.0,2.0,10.0,30.0,9.0,10.0
RR Ramdass,,,,1.0,,1.0
RR Rossouw,497.0,,8.0,64.0,0.0,7.0
RR Sarwan,724.0,14.0,34.0,1213.0,2.0,39.0
RS Bopara,614.0,14.0,50.0,777.0,14.0,52.0
RS Gavaskar,30.0,,3.0,,1.0,1.0
RS Higgins,0.0,2.0,2.0,2.0,0.0,2.0
RS Kaluwitharana,54.0,,2.0,56.0,,3.0
RS Morton,354.0,,10.0,537.0,0.0,18.0
RT Crandon,5.0,,1.0,,,
RT Ponting,2480.0,,63.0,1967.0,,50.0
RTM Mendis,35.0,,3.0,,4.0,2.0
RV Uthappa,273.0,,12.0,357.0,,15.0
RW Chakabva,232.0,,9.0,353.0,,16.0
RW Price,152.0,31.0,48.0,106.0,27.0,41.0
RW Sims,24.0,,1.0,,0.0,1.0
RWT Key,30.0,,2.0,,,
Rahat Ali,6.0,7.0,5.0,1.0,7.0,7.0
Rajin Saleh,153.0,3.0,9.0,179.0,0.0,9.0
Raqibul Hasan,207.0,,10.0,422.0,,16.0
Rashid Latif,102.0,,5.0,1.0,,2.0
Ravi Bishnoi,,1.0,1.0,4.0,,1.0
Rehan Ahmed,12.0,2.0,2.0,,2.0,1.0
Rishad Hossain,,1.0,1.0,48.0,,1.0
Rizwan Ahmed,,0.0,1.0,,,
Robiul Islam,,,,,1.0,1.0
Rubel Hossain,44.0,37.0,37.0,34.0,40.0,43.0
Rumman Raees,0.0,4.0,3.0,16.0,5.0,4.0
S Badrinath,12.0,,2.0,67.0,,4.0
S Chanderpaul,983.0,0.0,28.0,1394.0,,36.0
S Chattergoon,,0.0,1.0,88.0,,3.0
S Dhawan,1871.0,,41.0,2416.0,,59.0
S Dube,,0.0,2.0,9.0,,2.0
S Joseph,,,,,1.0,1.0
S Kaul,,1.0,2.0,1.0,,1.0
S Mahmood,8.0,0.0,2.0,,2.0,2.0
S Matsikenyeri,474.0,8.0,37.0,277.0,7.0,33.0
S Prasanna,65.0,5.0,22.0,107.0,18.0,24.0
S Randiv,141.0,15.0,17.0,36.0,8.0,14.0
S Samarawickrama,247.0,,10.0,139.0,,7.0
S Sreesanth,12.0,22.0,20.0,15.0,20.0,18.0
S Tyagi,,1.0,1.0,,,
S Weerakoon,,,,,1.0,1.0
SA Abbott,128.0,13.0,14.0,42.0,11.0,11.0
SA Yadav,129.0,,7.0,136.0,,8.0
SB Bangar,1.0,0.0,3.0,7.0,0.0,3.0
SB Styris,1091.0,29.0,62.0,950.0,23.0,56.0
SC Ganguly,731.0,7.0,38.0,458.0,8.0,28.0
SC Joseph,61.0,,3.0,9.0,,1.0
SC Meaker,,1.0,1.0,1.0,,1.0
SC Williams,808.0,16.0,56.0,777.0,6.0,51.0
SCJ Broad,71.0,76.0,50.0,218.0,42.0,48.0
SD Heazlett,,,,4.0,,1.0
SD Hope,1509.0,,26.0,1231.0,,30.0
SD Parry,,,,,1.0,1.0
SD Udal,0.0,,1.0,,1.0,1.0
SE Bond,79.0,35.0,29.0,18.0,31.0,25.0
SE Findlay,8.0,,1.0,80.0,,3.0
SE Marsh,1116.0,,29.0,738.0,,21.0
SE Rutherford,197.0,0.0,4.0,6.0,1.0,3.0
SF Mire,93.0,3.0,13.0,198.0,0.0,10.0
SHT Kandamby,272.0,2.0,13.0,185.0,0.0,9.0
SI Mahmood,0.0,19.0,9.0,54.0,4.0,10.0
SJ Benn,40.0,11.0,23.0,77.0,6.0,21.0
SJ Harmison,2.0,16.0,10.0,29.0,5.0,14.0
SK Raina,1595.0,11.0,83.0,1538.0,11.0,74.0
SK Warne,0.0,1.0,2.0,,2.0,1.0
SL Malinga,189.0,88.0,97.0,155.0,105.0,93.0
SM Boland,0.0,9.0,8.0,6.0,0.0,4.0
SM Curran,244.0,10.0,18.0,189.0,10.0,16.0
SM Davies,92.0,,2.0,93.0,,3.0
SM Ervine,75.0,16.0,13.0,141.0,2.0,11.0
SM Harwood,,2.0,1.0,0.0,,1.0
SM Katich,269.0,,8.0,281.0,,6.0
SM Pollock,262.0,31.0,45.0,325.0,28.0,37.0
SM Warnapura,,,,0.0,,1.0
SMA Priyanjan,101.0,4.0,11.0,94.0,0.0,10.0
SMSM Senanayake,24.0,16.0,23.0,115.0,15.0,21.0
SN Thakur,107.0,21.0,23.0,140.0,23.0,22.0
SO Hetmyer,398.0,,11.0,268.0,,13.0
SP Fleming,761.0,,24.0,600.0,,21.0
SP Jones,,1.0,1.0,,1.0,1.0
SP Narine,104.0,20.0,29.0,130.0,35.0,35.0
SPD Smith,2058.0,7.0,55.0,1584.0,8.0,49.0
SR Clark,28.0,11.0,13.0,16.0,12.0,13.0
SR Patel,126.0,5.0,14.0,126.0,6.0,12.0
SR Tendulkar,2128.0,11.0,62.0,1652.0,10.0,64.0
SR Watson,1537.0,40.0,89.0,1590.0,38.0,75.0
SS Cottrell,8.0,24.0,13.0,34.0,7.0,12.0
SS Iyer,608.0,,13.0,544.0,0.0,18.0
SS Pathirana,63.0,10.0,11.0,100.0,4.0,9.0
SS Tiwary,,,,12.0,,1.0
SSB Magala,,2.0,2.0,2.0,,1.0
SSJ Brooks,167.0,,8.0,169.0,,3.0
ST Finn,17.0,41.0,29.0,27.0,20.0,27.0
ST Gabriel,2.0,6.0,8.0,5.0,9.0,10.0
ST Jayasuriya,1767.0,20.0,79.0,1093.0,43.0,71.0
STR Binny,144.0,1.0,8.0,14.0,13.0,10.0
SV Bahutule,11.0,,1.0,,0.0,1.0
SV Carlisle,36.0,,1.0,74.0,,5.0
SV Samson,234.0,,6.0,183.0,,3.0
SW Ambris,26.0,,2.0,95.0,,4.0
SW Billings,209.0,,7.0,136.0,,3.0
SW Masakadza,2.0,10.0,6.0,46.0,4.0,6.0
SW Tait,9.0,19.0,11.0,11.0,24.0,13.0
Saad Ali,,,,7.0,,1.0
Saad Nasim,99.0,0.0,3.0,0.0,0.0,2.0
Sabbir Rahman,387.0,0.0,21.0,315.0,1.0,19.0
Saeed Ajmal,78.0,70.0,61.0,106.0,58.0,59.0
Saeed Anwar,,,,29.0,,1.0
Saim Ayub,,0.0,1.0,82.0,,1.0
Saleem Elahi,20.0,,1.0,7.0,,1.0
Salman Butt,540.0,0.0,19.0,935.0,0.0,29.0
Sami Aslam,70.0,,3.0,8.0,,1.0
Samiullah Khan,,0.0,1.0,,0.0,1.0
Sanwar Hossain,12.0,0.0,3.0,27.0,0.0,2.0
Saqlain Mushtaq,,2.0,1.0,12.0,,1.0
Sarfraz Ahmed,791.0,,32.0,776.0,0.0,27.0
Saud Shakeel,52.0,1.0,2.0,59.0,,2.0
Shabbir Ahmed,3.0,7.0,7.0,1.0,6.0,9.0
Shadab Khan,182.0,25.0,29.0,124.0,28.0,26.0
Shafiul Islam,46.0,23.0,27.0,21.0,10.0,27.0
Shahadat Hossain,31.0,12.0,13.0,12.0,3.0,10.0
Shahbaz Ahmed,0.0,,1.0,,0.0,1.0
Shaheen Shah Afridi,41.0,45.0,25.0,64.0,20.0,18.0
Shahid Afridi,1388.0,85.0,132.0,1292.0,66.0,122.0
Shahriar Nafees,446.0,,16.0,238.0,,11.0
Shahzaib Hasan,,,,50.0,,2.0
Shakib Al Hasan,1880.0,81.0,112.0,1841.0,70.0,109.0
Shamim Hossain,1.0,,1.0,5.0,,1.0
Shamsur Rahman,104.0,,5.0,100.0,0.0,3.0
Shan Masood,103.0,,3.0,8.0,,3.0
Sharjeel Khan,206.0,,9.0,284.0,,7.0
Shoaib Akhtar,93.0,30.0,35.0,59.0,24.0,35.0
Shoaib Malik,2035.0,53.0,132.0,2160.0,45.0,127.0
Shoriful Islam,16.0,15.0,16.0,27.0,9.0,13.0
Shubman Gill,594.0,,11.0,491.0,,13.0
Shuvagata Hom,3.0,0.0,2.0,67.0,,2.0
Sikandar Raza,552.0,16.0,37.0,607.0,11.0,40.0
Sohag Gazi,84.0,9.0,11.0,69.0,8.0,11.0
Sohaib Maqsood,187.0,0.0,8.0,227.0,0.0,8.0
Sohail Khan,10.0,6.0,6.0,5.0,3.0,6.0
Sohail Tanvir,116.0,32.0,36.0,147.0,18.0,32.0
Soumya Sarkar,331.0,4.0,19.0,562.0,2.0,22.0
Subashis Roy,,1.0,1.0,1.0,,1.0
Suhrawadi Shuvo,53.0,5.0,8.0,11.0,1.0,5.0
Sunzamul Islam,19.0,1.0,2.0,,2.0,1.0
Syed Rasel,17.0,18.0,16.0,25.0,8.0,13.0
T Banton,18.0,,1.0,,,
T Bavuma,361.0,0.0,10.0,583.0,,10.0
T Duffin,67.0,,3.0,90.0,,2.0
T Kaitano,75.0,,3.0,32.0,,4.0
T Kamungozi,3.0,11.0,9.0,12.0,0.0,6.0
T Maruma,38.0,2.0,9.0,26.0,2.0,5.0
T Marumani,53.0,,2.0,26.0,,3.0
T Munyonga,7.0,0.0,2.0,58.0,,3.0
T Mupariwa,24.0,15.0,19.0,28.0,8.0,17.0
T Muzarabani,6.0,6.0,4.0,1.0,0.0,4.0
T Natarajan,,,,,2.0,1.0
T Panyangara,35.0,24.0,27.0,82.0,14.0,25.0
T Sangha,,,,,1.0,1.0
T Shamsi,14.0,30.0,18.0,14.0,12.0,19.0
T Stubbs,,,,6.0,,1.0
T Taibu,1052.0,,34.0,792.0,,38.0
T Thushara,146.0,20.0,21.0,85.0,14.0,16.0
T de Zorzi,28.0,,1.0,248.0,,4.0
TA Blundell,105.0,,3.0,115.0,,4.0
TA Boult,82.0,77.0,50.0,42.0,59.0,45.0
TAM Siriwardana,252.0,2.0,15.0,70.0,4.0,14.0
TCB Fernando,17.0,0.0,3.0,1.0,0.0,5.0
TD Astle,54.0,1.0,4.0,10.0,0.0,2.0
TD Paine,327.0,,11.0,147.0,,8.0
TG Southee,306.0,76.0,75.0,157.0,63.0,70.0
TH David,1.0,1.0,2.0,1.0,,1.0
TJ Bishop,0.0,,1.0,,,
TJ Friend,4.0,0.0,3.0,124.0,1.0,6.0
TK Canning,13.0,,1.0,,2.0,1.0
TK Curran,98.0,16.0,12.0,31.0,8.0,9.0
TK Musakanda,108.0,,3.0,68.0,,3.0
TL Best,55.0,11.0,11.0,5.0,13.0,13.0
TL Chatara,19.0,28.0,30.0,59.0,21.0,28.0
TL Chivanga,4.0,2.0,2.0,,1.0,1.0
TL Seifert,22.0,,1.0,,,
TM Dilshan,3544.0,24.0,153.0,2406.0,45.0,135.0
TM Dowlin,154.0,,5.0,74.0,,5.0
TM Head,995.0,7.0,31.0,695.0,5.0,31.0
TMK Mawoyo,14.0,,1.0,24.0,,2.0
TR Ambrose,7.0,,2.0,2.0,,2.0
TR Gripper,,2.0,1.0,6.0,,1.0
TS Chisoro,12.0,2.0,4.0,6.0,2.0,4.0
TS Kamunhukamwe,,,,37.0,,2.0
TS Nethula,0.0,,1.0,,4.0,3.0
TS Roland-Jones,37.0,,1.0,,1.0,1.0
TT Bresnan,238.0,26.0,37.0,147.0,33.0,37.0
TT Samaraweera,135.0,0.0,12.0,273.0,,8.0
TV Mufambisi,21.0,,1.0,5.0,,1.0
TWM Latham,1101.0,,36.0,1092.0,,35.0
Taijul Islam,24.0,10.0,7.0,1.0,7.0,7.0
Tamim Iqbal,1907.0,,56.0,2092.0,,62.0
Tanbir Hayder,3.0,0.0,2.0,2.0,0.0,2.0
Tanzid Hasan,121.0,,7.0,110.0,,4.0
Tanzim Hasan Sakib,32.0,3.0,3.0,5.0,4.0,3.0
Tapash Baisya,22.0,9.0,9.0,48.0,7.0,11.0
Tareq Aziz,2.0,,1.0,,2.0,1.0
Taskin Ahmed,87.0,33.0,30.0,66.0,19.0,30.0
Taufeeq Umar,40.0,,3.0,24.0,,2.0
Tilak Varma,62.0,0.0,3.0,6.0,0.0,3.0
Towhid Hridoy,298.0,,8.0,162.0,0.0,6.0
Tushar Imran,111.0,,7.0,9.0,,4.0
UDU Chandana,118.0,17.0,20.0,67.0,13.0,16.0
UT Khawaja,648.0,,16.0,339.0,,10.0
UT Yadav,7.0,54.0,31.0,46.0,21.0,29.0
UWMBCA Welegedara,2.0,10.0,5.0,,4.0,2.0
Umar Akmal,1001.0,,36.0,1001.0,,34.0
Umar Amin,64.0,,4.0,61.0,0.0,6.0
Umar Gul,172.0,64.0,70.0,150.0,56.0,58.0
Umran Malik,,4.0,3.0,,4.0,2.0
Usama Mir,,6.0,5.0,32.0,6.0,4.0
Usman Qadir,,,,,1.0,1.0
Usman Salahuddin,8.0,,1.0,,,
Usman Shinwari,,9.0,5.0,6.0,10.0,5.0
V Kohli,3438.0,1.0,87.0,5356.0,2.0,106.0
V Permaul,19.0,3.0,5.0,0.0,2.0,5.0
V Sehwag,2235.0,18.0,82.0,1472.0,22.0,71.0
V Shankar,91.0,0.0,4.0,48.0,2.0,4.0
V Sibanda,693.0,1.0,40.0,927.0,1.0,36.0
VB van Jaarsveld,5.0,,1.0,4.0,,1.0
VC Drakes,2.0,2.0,5.0,5.0,3.0,5.0
VD Philander,37.0,16.0,11.0,20.0,9.0,12.0
VM Nyauchi,10.0,3.0,5.0,26.0,1.0,5.0
VR Aaron,,3.0,3.0,0.0,2.0,3.0
VR Iyer,22.0,,1.0,2.0,0.0,2.0
VS Solanki,181.0,0.0,8.0,187.0,1.0,11.0
VVS Laxman,294.0,,9.0,111.0,,8.0
W Jaffer,,,,0.0,,1.0
W Madhevere,112.0,2.0,11.0,67.0,1.0,11.0
W Mwayenga,1.0,1.0,2.0,0.0,0.0,2.0
W Sutherland,18.0,0.0,2.0,,2.0,1.0
WA Agar,41.0,,1.0,,0.0,1.0
WA Young,218.0,,5.0,322.0,,9.0
WB Rankin,,5.0,3.0,5.0,1.0,3.0
WCA Ganegama,7.0,,1.0,,0.0,1.0
WD Parnell,168.0,40.0,33.0,203.0,40.0,36.0
WG Jacks,104.0,1.0,9.0,111.0,0.0,6.0
WIA Fernando,569.0,,14.0,151.0,,6.0
WP Masakadza,39.0,4.0,9.0,3.0,3.0,8.0
WP Saha,4.0,,1.0,,,
WPUJC Vaas,265.0,32.0,57.0,109.0,37.0,48.0
WS Jayantha,23.0,1.0,4.0,109.0,,5.0
WU Tharanga,2350.0,,65.0,1794.0,,55.0
WW Hinds,123.0,8.0,13.0,379.0,0.0,17.0
Wahab Riaz,208.0,59.0,46.0,280.0,39.0,46.0
Waqar Younis,,2.0,1.0,2.0,,1.0
Washington Sundar,131.0,9.0,10.0,74.0,7.0,10.0
Wasim Akram,,1.0,1.0,7.0,,1.0
XC Bartlett,,5.0,1.0,,,
XJ Doherty,24.0,19.0,21.0,26.0,19.0,21.0
XM Marshall,75.0,,5.0,33.0,0.0,7.0
Y Cariah,15.0,4.0,7.0,19.0,5.0,6.0
Y Venugopal Rao,25.0,,4.0,65.0,,2.0
YK Pathan,241.0,3.0,28.0,20.0,10.0,20.0
YS Chahal,30.0,61.0,37.0,33.0,26.0,20.0
Yasir Ali Chowdhury,52.0,,2.0,25.0,,1.0
Yasir Arafat,24.0,1.0,5.0,30.0,0.0,5.0
Yasir Hameed,573.0,,16.0,430.0,,12.0
Yasir Shah,2.0,7.0,12.0,59.0,14.0,14.0
Younis Khan,1760.0,0.0,56.0,1400.0,0.0,66.0
Yousuf Youhana,453.0,,18.0,542.0,0.0,16.0
Yuvraj Singh,2237.0,16.0,101.0,1868.0,33.0,95.0
Z Crawley,48.0,,2.0,3.0,,1.0
Z Khan,212.0,62.0,58.0,167.0,60.0,59.0
Zafar Gohar,15.0,,1.0,,2.0,1.0
Zahid Mahmood,,3.0,2.0,0.0,,1.0
Zakir Hasan,1.0,,1.0,,,
Ziaur Rahman,35.0,,3.0,22.0,3.0,4.0
Zulfiqar Babar,1.0,1.0,2.0,12.0,0.0,2.0
Zulqarnain Haider,12.0,,1.0,36.0,,3.0
